seqnum,StationNumber,Latitude,Longitude,Elevation,StationName                             ,Who_entered,use_index,source_seqnum,country_seqnum
1400001,13600,47.6675,16.4969,336,Sopron Görbehalom                       ,7,1,116,205
1400002,13710,47.7147,16.6658,116,Fertőrákos                              ,7,1,116,205
1400003,13710,47.7147,16.6658,116,Fertőrákos                              ,7,1,116,205
1400004,13712,47.6842,16.5519,245,Sopron Kertváros                        ,7,1,116,205
1400005,13713,47.6783,16.6025,234,Sopron Meteorológia                     ,7,1,116,205
1400006,13713,47.6783,16.6025,234,Sopron Meteorológia                     ,7,1,116,205
1400007,13801,47.6956,16.8489,114,Sarród Fertőújlak                       ,7,1,116,205
1400008,13801,47.6956,16.8489,114,Sarród Fertőújlak                       ,7,1,116,205
1400009,13801,47.6956,16.8489,114,Sarród Fertőújlak                       ,7,1,116,205
1400010,13802,47.6883,17.0103,116,Kapuvár Rókató                          ,7,1,116,205
1400011,13802,47.6883,17.0103,116,Kapuvár Rókató                          ,7,1,116,205
1400012,13802,47.6883,17.0103,116,Kapuvár Rókató                          ,7,1,116,205
1400013,14201,47.6533,16.4878,421,Sopron Brennbergbánya                   ,7,1,116,205
1400014,14201,47.6533,16.4878,421,Sopron Brennbergbánya                   ,7,1,116,205
1400015,14201,47.6533,16.4878,421,Sopron Brennbergbánya                   ,7,1,116,205
1400016,14304,47.6508,16.5225,510,Sopron Muck-kilátó                      ,7,1,116,205
1400017,14305,47.6089,16.7069,156,Nagycenk                                ,7,1,116,205
1400018,14306,47.6375,16.5986,207,Harka                                   ,7,1,116,205
1400019,14307,47.6411,16.6611,119,Sopron Balf                             ,7,1,116,205
1400020,14403,47.6144,16.86,126,Fertőd Eszterháza                       ,7,1,116,205
1400021,14403,47.6144,16.86,126,Fertőd Eszterháza                       ,7,1,116,205
1400022,14409,47.4978,16.7844,187,Lövő                                    ,7,1,116,205
1400023,14420,47.5147,16.9247,146.5,Csapod                                  ,7,1,116,205
1400024,14420,47.5147,16.9247,146.5,Csapod                                  ,7,1,116,205
1400025,14421,47.5953,16.8625,128,Fertőszentmiklós                        ,7,1,116,205
1400026,14421,47.5953,16.8625,128,Fertőszentmiklós                        ,7,1,116,205
1400027,14704,47.3856,16.5472,270,Kőszeg                                  ,7,1,116,205
1400028,14704,47.3856,16.5472,270,Kőszeg                                  ,7,1,116,205
1400029,14705,47.4242,16.6514,214,Peresznye                               ,7,1,116,205
1400030,14705,47.4242,16.6514,214,Peresznye                               ,7,1,116,205
1400031,14706,47.4833,16.7353,197,Sopronhorpács                           ,7,1,116,205
1400032,14706,47.4833,16.7353,197,Sopronhorpács                           ,7,1,116,205
1400033,14706,47.4833,16.7353,197,Sopronhorpács                           ,7,1,116,205
1400034,14801,47.4058,16.6986,172,Csepreg                                 ,7,1,116,205
1400035,14801,47.4058,16.6986,172,Csepreg                                 ,7,1,116,205
1400036,15311,47.2025,16.6617,198.3,Szombathely Gyöngyöshermán              ,7,1,116,205
1400037,15311,47.2025,16.6617,198.3,Szombathely Gyöngyöshermán              ,7,1,116,205
1400038,15312,47.2242,16.7122,192,Vép                                     ,7,1,116,205
1400039,15312,47.2242,16.7122,192,Vép                                     ,7,1,116,205
1400040,15313,47.3022,16.5906,236,Gencsapáti                              ,7,1,116,205
1400041,15313,47.3022,16.5906,236,Gencsapáti                              ,7,1,116,205
1400042,15314,47.1981,16.6483,200.1,Szombathely Meteorológia                ,7,1,116,205
1400043,15314,47.1981,16.6483,200.1,Szombathely Meteorológia                ,7,1,116,205
1400044,15315,47.2011,16.6922,193.3,Táplánszentkereszt                      ,7,1,116,205
1400045,15604,47.0386,16.4833,204,Pinkamindszent                          ,7,1,116,205
1400046,15604,47.0386,16.4833,204,Pinkamindszent                          ,7,1,116,205
1400047,15714,47.0889,16.4806,212,Szentpéterfa                            ,7,1,116,205
1400048,15714,47.0889,16.4806,212,Szentpéterfa                            ,7,1,116,205
1400049,15715,47.1475,16.5825,221,Ják                                     ,7,1,116,205
1400050,15810,47.0533,16.7969,177,Vasvár Mártírok útja                    ,7,1,116,205
1400051,16100,46.8778,16.165,277,Felsőszölnök                            ,7,1,116,205
1400052,16100,46.8778,16.165,277,Felsőszölnök                            ,7,1,116,205
1400053,16205,46.855,16.375,261,Szalafő                                 ,7,1,116,205
1400054,16205,46.855,16.375,261,Szalafő                                 ,7,1,116,205
1400055,16217,46.9631,16.4436,202,Gasztony                                ,7,1,116,205
1400056,16217,46.9631,16.4436,202,Gasztony                                ,7,1,116,205
1400057,16219,46.9425,16.4208,209.8,Rábagyarmat                             ,7,1,116,205
1400058,16219,46.9425,16.4208,209.8,Rábagyarmat                             ,7,1,116,205
1400059,16302,46.9064,16.7031,225,Hagyárosbörönd                          ,7,1,116,205
1400060,16302,46.9064,16.7031,225,Hagyárosbörönd                          ,7,1,116,205
1400061,16302,46.9064,16.7031,225,Hagyárosbörönd                          ,7,1,116,205
1400062,16306,46.8417,16.5861,194,Zalalövő                                ,7,1,116,205
1400063,16306,46.8417,16.5861,194,Zalalövő                                ,7,1,116,205
1400064,16604,46.7653,16.4844,197,Kerkafalva                              ,7,1,116,205
1400065,16604,46.7653,16.4844,197,Kerkafalva                              ,7,1,116,205
1400066,16703,46.7178,16.5156,183,Csesztreg                               ,7,1,116,205
1400067,16810,46.6969,16.7525,201,Zalatárnok                              ,7,1,116,205
1400068,16810,46.6969,16.7525,201,Zalatárnok                              ,7,1,116,205
1400069,17300,46.6258,16.5467,164,Lenti                                   ,7,1,116,205
1400070,17300,46.6258,16.5467,164,Lenti                                   ,7,1,116,205
1400071,17301,46.5047,16.62,165,Csörnyeföld                             ,7,1,116,205
1400072,17314,46.5903,16.6439,172.9,Páka                                    ,7,1,116,205
1400073,17314,46.5903,16.6439,172.9,Páka                                    ,7,1,116,205
1400074,17315,46.6506,16.7369,171,Gutorfölde                              ,7,1,116,205
1400075,17315,46.6506,16.7369,171,Gutorfölde                              ,7,1,116,205
1400076,17418,46.6786,16.9864,158,Felsőrajk                               ,7,1,116,205
1400077,17815,46.4561,16.9706,138.8,Nagykanizsa Meteorológia                ,7,1,116,205
1400078,17816,46.4511,16.7967,165,Becsehely                               ,7,1,116,205
1400079,22502,47.9975,17.1969,129,Rajka                                   ,7,1,116,205
1400080,22502,47.9975,17.1969,129,Rajka                                   ,7,1,116,205
1400081,23215,47.8328,17.4583,116,Hédervár                                ,7,1,116,205
1400082,23215,47.8328,17.4583,116,Hédervár                                ,7,1,116,205
1400083,23216,47.9331,17.2758,123,Feketeerdő                              ,7,1,116,205
1400084,23216,47.9331,17.2758,123,Feketeerdő                              ,7,1,116,205
1400085,23217,47.8897,17.2675,119.8,Mosonmagyaróvár Kuti-telep              ,7,1,116,205
1400086,23217,47.8897,17.2675,119.8,Mosonmagyaróvár Kuti-telep              ,7,1,116,205
1400087,23218,47.97,17.2828,125,Dunakiliti                              ,7,1,116,205
1400088,23500,47.7831,17.1347,119,Jánossomorja                            ,7,1,116,205
1400089,23505,47.6858,17.2456,116,Bősárkány                               ,7,1,116,205
1400090,23505,47.6858,17.2456,116,Bősárkány                               ,7,1,116,205
1400091,23600,47.6742,17.3203,113,Markotabödöge                           ,7,1,116,205
1400092,23600,47.6742,17.3203,113,Markotabödöge                           ,7,1,116,205
1400093,23603,47.7322,17.4992,116,Öttevény                                ,7,1,116,205
1400094,23603,47.7322,17.4992,116,Öttevény                                ,7,1,116,205
1400095,23713,47.6875,17.6344,119.9,Győr Belváros                           ,7,1,116,205
1400096,23713,47.6875,17.6344,119.9,Győr Belváros                           ,7,1,116,205
1400097,23715,47.71,17.6747,116,Győr Likócs Pesti út                    ,7,1,116,205
1400098,23715,47.71,17.6747,116,Győr Likócs Pesti út                    ,7,1,116,205
1400099,24111,47.6036,17.2494,116.2,Csorna                                  ,7,1,116,205
1400100,24111,47.6036,17.2494,116.2,Csorna                                  ,7,1,116,205
1400101,24117,47.5181,17.0061,131,Himod                                   ,7,1,116,205
1400102,24117,47.5181,17.0061,131,Himod                                   ,7,1,116,205
1400103,24121,47.5864,17.1247,119,Szárföld                                ,7,1,116,205
1400104,24122,47.6039,17.2494,117,Csorna                                  ,7,1,116,205
1400105,24308,47.5906,17.5794,120,Győrszemere Nagyszentpál                ,7,1,116,205
1400106,24308,47.5906,17.5794,120,Győrszemere Nagyszentpál                ,7,1,116,205
1400107,24419,47.5206,17.75,149,Ravazd                                  ,7,1,116,205
1400108,24420,47.5092,17.9219,184,Bársonyos                               ,7,1,116,205
1400109,24505,47.4011,17.0142,142,Nick Rákóczi utca                       ,7,1,116,205
1400110,24505,47.4011,17.0142,142,Nick Rákóczi utca                       ,7,1,116,205
1400111,24506,47.4636,17.0981,131,Beled                                   ,7,1,116,205
1400112,24513,47.4769,17.1722,127.7,Páli                                    ,7,1,116,205
1400113,24513,47.4769,17.1722,127.7,Páli                                    ,7,1,116,205
1400114,24513,47.4769,17.1722,127.7,Páli                                    ,7,1,116,205
1400115,24602,47.4319,17.3697,122,Marcaltő                                ,7,1,116,205
1400116,24602,47.4319,17.3697,122,Marcaltő                                ,7,1,116,205
1400117,24610,47.3564,17.4939,144,Pápa Irányítótorony                     ,7,1,116,205
1400118,24710,47.4289,17.7472,153,Gic                                     ,7,1,116,205
1400119,24710,47.4289,17.7472,153,Gic                                     ,7,1,116,205
1400120,24712,47.4406,17.6242,149,Lovászpatona                            ,7,1,116,205
1400121,24806,47.3836,17.9719,262,Csatka                                  ,7,1,116,205
1400122,24806,47.3836,17.9719,262,Csatka                                  ,7,1,116,205
1400123,24818,47.3636,17.8925,232,Bakonyszentkirály                       ,7,1,116,205
1400124,24818,47.3636,17.8925,232,Bakonyszentkirály                       ,7,1,116,205
1400125,25100,47.1606,17.0397,169,Káld                                    ,7,1,116,205
1400126,25100,47.1606,17.0397,169,Káld                                    ,7,1,116,205
1400127,25107,47.2547,17.1622,135,Celldömölk                              ,7,1,116,205
1400128,25200,47.1614,17.2717,138,Kerta                                   ,7,1,116,205
1400129,25200,47.1614,17.2717,138,Kerta                                   ,7,1,116,205
1400130,25201,47.2403,17.3303,142,Dabrony                                 ,7,1,116,205
1400131,25201,47.2403,17.3303,142,Dabrony                                 ,7,1,116,205
1400132,25206,47.3258,17.4769,143,Pápa Belváros                           ,7,1,116,205
1400133,25206,47.3258,17.4769,143,Pápa Belváros                           ,7,1,116,205
1400134,25208,47.2483,17.4667,183,Kup                                     ,7,1,116,205
1400135,25208,47.2483,17.4667,183,Kup                                     ,7,1,116,205
1400136,25316,47.3314,17.6833,220,Bakonykoppány                           ,7,1,116,205
1400137,25316,47.3314,17.6833,220,Bakonykoppány                           ,7,1,116,205
1400138,25319,47.2561,17.7269,280,Bakonybél                               ,7,1,116,205
1400139,25400,47.2514,17.7614,388,Bakonybél Somhegypuszta                 ,7,1,116,205
1400140,25400,47.2514,17.7614,388,Bakonybél Somhegypuszta                 ,7,1,116,205
1400141,25416,47.1883,17.8164,504,Hárskút                                 ,7,1,116,205
1400142,25416,47.1883,17.8164,504,Hárskút                                 ,7,1,116,205
1400143,25417,47.2547,17.8697,413,Zirc                                    ,7,1,116,205
1400144,25417,47.2547,17.8697,413,Zirc                                    ,7,1,116,205
1400145,25616,47.0067,17.4503,209,Nyirád                                  ,7,1,116,205
1400146,25714,47.0858,17.6242,367,Úrkút                                   ,7,1,116,205
1400147,25714,47.0858,17.6242,367,Úrkút                                   ,7,1,116,205
1400148,25717,47.1439,17.6483,294,Városlőd                                ,7,1,116,205
1400149,25717,47.1439,17.6483,294,Városlőd                                ,7,1,116,205
1400150,25718,47.1014,17.5406,226,Ajka                                    ,7,1,116,205
1400151,25801,47.0031,17.825,325,Hidegkút                                ,7,1,116,205
1400152,25801,47.0031,17.825,325,Hidegkút                                ,7,1,116,205
1400153,25801,47.0031,17.825,325,Hidegkút                                ,7,1,116,205
1400154,25821,47.1019,17.9311,255,Veszprém                                ,7,1,116,205
1400155,25821,47.1019,17.9311,255,Veszprém                                ,7,1,116,205
1400156,26100,46.8411,17.0925,125,Kehidakustány                           ,7,1,116,205
1400157,26119,46.9606,17.1725,146,Óhíd                                    ,7,1,116,205
1400158,26119,46.9606,17.1725,146,Óhíd                                    ,7,1,116,205
1400159,26208,46.8881,17.435,128,Tapolca                                 ,7,1,116,205
1400160,26208,46.8881,17.435,128,Tapolca                                 ,7,1,116,205
1400161,26209,46.8342,17.4342,129,Hegymagas                               ,7,1,116,205
1400162,26213,46.825,17.3664,162,Nemesvita                               ,7,1,116,205
1400163,26329,46.8367,17.5497,141,Salföld                                 ,7,1,116,205
1400164,26329,46.8367,17.5497,141,Salföld                                 ,7,1,116,205
1400165,26330,46.9783,17.7006,270,Nagyvázsony                             ,7,1,116,205
1400166,26421,46.9419,17.7589,275,Vászoly                                 ,7,1,116,205
1400167,26602,46.6744,17.3869,110,Balatonújlak                            ,7,1,116,205
1400168,26602,46.6744,17.3869,110,Balatonújlak                            ,7,1,116,205
1400169,26605,46.7886,17.4967,130,Badacsony Badacsonytomaj                ,7,1,116,205
1400170,26605,46.7886,17.4967,130,Badacsony Badacsonytomaj                ,7,1,116,205
1400171,26605,46.7886,17.4967,130,Badacsony Badacsonytomaj                ,7,1,116,205
1400172,26611,46.7881,17.2783,145,Gyenesdiás                              ,7,1,116,205
1400173,26611,46.7881,17.2783,145,Gyenesdiás                              ,7,1,116,205
1400174,26706,46.7767,17.6475,106,Balatonboglár                           ,7,1,116,205
1400175,26719,46.7819,17.7,114,Balatonlelle                            ,7,1,116,205
1400176,26826,46.7825,17.9486,209,Bálványos                               ,7,1,116,205
1400177,26826,46.7825,17.9486,209,Bálványos                               ,7,1,116,205
1400178,26826,46.7825,17.9486,209,Bálványos                               ,7,1,116,205
1400179,26829,46.7828,17.8442,116,Szólád                                  ,7,1,116,205
1400180,26829,46.7828,17.8442,116,Szólád                                  ,7,1,116,205
1400181,27106,46.5489,17.1844,111,Zalakomár                               ,7,1,116,205
1400182,27106,46.5489,17.1844,111,Zalakomár                               ,7,1,116,205
1400183,27108,46.6328,17.175,105,Balatonmagyaród gátőrház                ,7,1,116,205
1400184,27225,46.5675,17.4103,131,Marcali                                 ,7,1,116,205
1400185,27310,46.5822,17.645,156,Somogyvár                               ,7,1,116,205
1400186,27416,46.5053,17.8142,169,Mernye                                  ,7,1,116,205
1400187,27416,46.5053,17.8142,169,Mernye                                  ,7,1,116,205
1400188,27416,46.5053,17.8142,169,Mernye                                  ,7,1,116,205
1400189,27416,46.5053,17.8142,169,Mernye                                  ,7,1,116,205
1400190,27600,46.4128,17.2894,161,Vése                                    ,7,1,116,205
1400191,27600,46.4128,17.2894,161,Vése                                    ,7,1,116,205
1400192,27607,46.3361,17.4597,158,Kutas                                   ,7,1,116,205
1400193,27617,46.4911,17.425,140,Mesztegnyő                              ,7,1,116,205
1400194,27617,46.4911,17.425,140,Mesztegnyő                              ,7,1,116,205
1400195,27706,46.3903,17.5108,155.3,Nagybajom                               ,7,1,116,205
1400196,27706,46.3903,17.5108,155.3,Nagybajom                               ,7,1,116,205
1400197,27707,46.3611,17.6633,155,Kaposfő                                 ,7,1,116,205
1400198,27814,46.4717,17.8989,163,Magyaratád                              ,7,1,116,205
1400199,28204,46.2308,17.3633,128,Nagyatád Tallián utca                   ,7,1,116,205
1400200,28308,46.3006,17.5572,168,Csököly                                 ,7,1,116,205
1400201,28405,46.2369,17.85,172,Bőszénfa                                ,7,1,116,205
1400202,28501,46.0953,17.2333,123,Vízvár                                  ,7,1,116,205
1400203,28703,46.1125,17.7142,134,Somogyhatvan                            ,7,1,116,205
1400204,28703,46.1125,17.7142,134,Somogyhatvan                            ,7,1,116,205
1400205,28703,46.1125,17.7142,134,Somogyhatvan                            ,7,1,116,205
1400206,28818,46.145,17.8292,140.7,Szentlászló                             ,7,1,116,205
1400207,28818,46.145,17.8292,140.7,Szentlászló                             ,7,1,116,205
1400208,29206,45.9597,17.4503,112,Barcs Gyógyfürdő                        ,7,1,116,205
1400209,32803,48.0125,18.8911,209,Kemence                                 ,7,1,116,205
1400210,33403,47.9767,18.7919,126,Vámosmikola                             ,7,1,116,205
1400211,33412,47.8636,18.8775,231,Márianosztra                            ,7,1,116,205
1400212,33412,47.8636,18.8775,231,Márianosztra                            ,7,1,116,205
1400213,33435,47.8322,18.8547,118,Szob                                    ,7,1,116,205
1400214,33435,47.8322,18.8547,118,Szob                                    ,7,1,116,205
1400215,33436,47.8942,18.9778,258,Szokolya Királyrét                      ,7,1,116,205
1400216,33436,47.8942,18.9778,258,Szokolya Királyrét                      ,7,1,116,205
1400217,33436,47.8942,18.9778,258,Szokolya Királyrét                      ,7,1,116,205
1400218,33437,47.9225,18.7686,110,Ipolytölgyes                            ,7,1,116,205
1400219,33438,47.8981,18.9697,280,Szokolya Királyrét Alsótax              ,7,1,116,205
1400220,33510,47.7347,18.1869,110,Komárom Szőny                           ,7,1,116,205
1400221,33703,47.7214,18.5578,186,Bajót                                   ,7,1,116,205
1400222,33703,47.7214,18.5578,186,Bajót                                   ,7,1,116,205
1400223,33705,47.6606,18.4411,321,Tardos                                  ,7,1,116,205
1400224,33705,47.6606,18.4411,321,Tardos                                  ,7,1,116,205
1400225,33705,47.6606,18.4411,321,Tardos                                  ,7,1,116,205
1400226,33714,47.7781,18.7556,132,Esztergom                               ,7,1,116,205
1400227,33833,47.6861,18.8983,341,Pilisszentkereszt                       ,7,1,116,205
1400228,34116,47.6347,18.0572,128,Nagyigmánd                              ,7,1,116,205
1400229,34117,47.515,18.0042,166,Ászár                                   ,7,1,116,205
1400230,34117,47.515,18.0042,166,Ászár                                   ,7,1,116,205
1400231,34117,47.515,18.0042,166,Ászár                                   ,7,1,116,205
1400232,34202,47.5761,18.3142,184,Környe Tagyospuszta                     ,7,1,116,205
1400233,34202,47.5761,18.3142,184,Környe Tagyospuszta                     ,7,1,116,205
1400234,34235,47.5456,18.3281,152,Környe                                  ,7,1,116,205
1400235,34301,47.6544,18.5994,208,Bajna                                   ,7,1,116,205
1400236,34301,47.6544,18.5994,208,Bajna                                   ,7,1,116,205
1400237,34302,47.5933,18.6481,201,Gyermely                                ,7,1,116,205
1400238,34304,47.5478,18.7233,158,Zsámbék                                 ,7,1,116,205
1400239,34304,47.5478,18.7233,158,Zsámbék                                 ,7,1,116,205
1400240,34406,47.5764,18.8914,326,Nagykovácsi                             ,7,1,116,205
1400241,34413,47.5617,18.9656,256,Budapest Pesthidegkút                   ,7,1,116,205
1400242,34413,47.5617,18.9656,256,Budapest Pesthidegkút                   ,7,1,116,205
1400243,34432,47.6347,18.8372,242,Piliscsaba Klotildliget                 ,7,1,116,205
1400244,34435,47.5514,18.9489,230,Budapest Remetekertváros                ,7,1,116,205
1400245,34435,47.5514,18.9489,230,Budapest Remetekertváros                ,7,1,116,205
1400246,34436,47.63,18.8975,198,Pilisvörösvár                           ,7,1,116,205
1400247,34437,47.6239,18.7747,235,Tinnye                                  ,7,1,116,205
1400248,34527,47.3692,18.0278,228,Súr                                     ,7,1,116,205
1400249,34527,47.3692,18.0278,228,Súr                                     ,7,1,116,205
1400250,34528,47.4958,18.0292,179,Kisbér                                  ,7,1,116,205
1400251,34529,47.4228,18.2217,219,Pusztavám                               ,7,1,116,205
1400252,34617,47.3956,18.4781,139.1,Csákvár                                 ,7,1,116,205
1400253,34617,47.3956,18.4781,139.1,Csákvár                                 ,7,1,116,205
1400254,34703,47.4306,18.6008,143.2,Alcsútdoboz                             ,7,1,116,205
1400255,34703,47.4306,18.6008,143.2,Alcsútdoboz                             ,7,1,116,205
1400256,34703,47.4306,18.6008,143.2,Alcsútdoboz                             ,7,1,116,205
1400257,34704,47.4742,18.5228,186.3,Szár                                    ,7,1,116,205
1400258,34704,47.4742,18.5228,186.3,Szár                                    ,7,1,116,205
1400259,34713,47.4497,18.5875,149,Felcsút belterület                      ,7,1,116,205
1400260,34713,47.4497,18.5875,149,Felcsút belterület                      ,7,1,116,205
1400261,34813,47.3958,18.9122,120,Érd                                     ,7,1,116,205
1400262,34813,47.3958,18.9122,120,Érd                                     ,7,1,116,205
1400263,34815,47.4111,18.9492,140.6,Diósd                                   ,7,1,116,205
1400264,34815,47.4111,18.9492,140.6,Diósd                                   ,7,1,116,205
1400265,34815,47.4111,18.9492,140.6,Diósd                                   ,7,1,116,205
1400266,35120,47.3244,18.1381,189,Balinka Mecsér                          ,7,1,116,205
1400267,35121,47.2678,18.1003,408,Isztimér Hétházpuszta                   ,7,1,116,205
1400268,35121,47.2678,18.1003,408,Isztimér Hétházpuszta                   ,7,1,116,205
1400269,35121,47.2678,18.1003,408,Isztimér Hétházpuszta                   ,7,1,116,205
1400270,35208,47.1914,18.4136,112,Székesfehérvár Belváros                 ,7,1,116,205
1400271,35208,47.1914,18.4136,112,Székesfehérvár Belváros                 ,7,1,116,205
1400272,35223,47.2425,18.3361,117,Moha                                    ,7,1,116,205
1400273,35223,47.2425,18.3361,117,Moha                                    ,7,1,116,205
1400274,35314,47.2414,18.6792,114,Kápolnásnyék                            ,7,1,116,205
1400275,35321,47.3081,18.5486,152.7,Lovasberény                             ,7,1,116,205
1400276,35321,47.3081,18.5486,152.7,Lovasberény                             ,7,1,116,205
1400277,35322,47.19,18.5836,104,Gárdony Agárd                           ,7,1,116,205
1400278,35407,47.2503,18.8933,123.7,Ercsi                                   ,7,1,116,205
1400279,35407,47.2503,18.8933,123.7,Ercsi                                   ,7,1,116,205
1400280,35419,47.2825,18.8244,111,Ráckeresztúr                            ,7,1,116,205
1400281,35505,46.9911,18.2464,112,Lepsény                                 ,7,1,116,205
1400282,35505,46.9911,18.2464,112,Lepsény                                 ,7,1,116,205
1400283,35522,47.1606,18.0731,160,Öskü                                    ,7,1,116,205
1400284,35522,47.1606,18.0731,160,Öskü                                    ,7,1,116,205
1400285,35709,47.1292,18.6722,119.4,Zichyújfalu                             ,7,1,116,205
1400286,35801,47.1233,18.8631,99,Adony Árpád utca                        ,7,1,116,205
1400287,36112,46.9031,18.0431,106.6,Siófok belváros                         ,7,1,116,205
1400288,36112,46.9031,18.0431,106.6,Siófok belváros                         ,7,1,116,205
1400289,36113,46.9108,18.0408,107.2,Siófok Obszervatórium                   ,7,1,116,205
1400290,36113,46.9108,18.0408,107.2,Siófok Obszervatórium                   ,7,1,116,205
1400291,36203,46.9178,18.3489,133,Mátyásdomb                              ,7,1,116,205
1400292,36208,46.9639,18.3942,140,Kisláng                                 ,7,1,116,205
1400293,36306,46.9578,18.4811,131,Sárbogárd Nagyhörcsökpuszta             ,7,1,116,205
1400294,36502,46.6733,17.9794,185,Zics                                    ,7,1,116,205
1400295,36517,46.7336,18.0253,176,Tab                                     ,7,1,116,205
1400296,36517,46.7336,18.0253,176,Tab                                     ,7,1,116,205
1400297,36518,46.6922,18.1914,162,Iregszemcse Kastélypark                 ,7,1,116,205
1400298,36518,46.6922,18.1914,162,Iregszemcse Kastélypark                 ,7,1,116,205
1400299,36613,46.6831,18.4372,104.1,Pincehely                               ,7,1,116,205
1400300,36613,46.6831,18.4372,104.1,Pincehely                               ,7,1,116,205
1400301,36701,46.7519,18.5378,99,Simontornya                             ,7,1,116,205
1400302,36701,46.7519,18.5378,99,Simontornya                             ,7,1,116,205
1400303,36701,46.7519,18.5378,99,Simontornya                             ,7,1,116,205
1400304,36701,46.7519,18.5378,99,Simontornya                             ,7,1,116,205
1400305,36703,46.7683,18.6156,95,Sáregres Cece                           ,7,1,116,205
1400306,36703,46.7683,18.6156,95,Sáregres Cece                           ,7,1,116,205
1400307,36703,46.7683,18.6156,95,Sáregres Cece                           ,7,1,116,205
1400308,36809,46.6831,18.8044,139,Paks Gyapa                              ,7,1,116,205
1400309,36810,46.8083,18.9217,102,Dunaföldvár                             ,7,1,116,205
1400310,37107,46.5364,18.1056,197.5,Szakcs                                  ,7,1,116,205
1400311,37202,46.5208,18.3825,117,Szakály                                 ,7,1,116,205
1400312,37202,46.5208,18.3825,117,Szakály                                 ,7,1,116,205
1400313,37203,46.4981,18.4139,181,Hőgyész                                 ,7,1,116,205
1400314,37203,46.4981,18.4139,181,Hőgyész                                 ,7,1,116,205
1400315,37213,46.6358,18.2797,132.5,Tamási                                  ,7,1,116,205
1400316,37213,46.6358,18.2797,132.5,Tamási                                  ,7,1,116,205
1400317,37302,46.5303,18.7108,120,Tengelic                                ,7,1,116,205
1400318,37408,46.6414,19.0036,91,Dunapataj                               ,7,1,116,205
1400319,37413,46.5736,18.8456,96.2,Paks Meteorológia                       ,7,1,116,205
1400320,37413,46.5736,18.8456,96.2,Paks Meteorológia                       ,7,1,116,205
1400321,37414,46.5258,18.9547,91,Kalocsa                                 ,7,1,116,205
1400322,37508,46.3747,18.1358,133,Dombóvár                                ,7,1,116,205
1400323,37522,46.4286,18.0172,147,Gölle                                   ,7,1,116,205
1400324,37522,46.4286,18.0172,147,Gölle                                   ,7,1,116,205
1400325,37726,46.3392,18.6661,179,Szekszárd Csötönyi-völgy                ,7,1,116,205
1400326,38105,46.2525,18.1111,135,Sásd                                    ,7,1,116,205
1400327,38110,46.2228,18.0556,181,Mindszentgodisa                         ,7,1,116,205
1400328,38210,46.2603,18.3964,193.1,Máza                                    ,7,1,116,205
1400329,38210,46.2603,18.3964,193.1,Máza                                    ,7,1,116,205
1400330,38210,46.2603,18.3964,193.1,Máza                                    ,7,1,116,205
1400331,38222,46.27,18.4325,155,Váralja                                 ,7,1,116,205
1400332,38307,46.285,18.6303,180,Szálka                                  ,7,1,116,205
1400333,38307,46.285,18.6303,180,Szálka                                  ,7,1,116,205
1400334,38318,46.1819,18.7178,88,Bátaszék                                ,7,1,116,205
1400335,38411,46.2039,18.8153,85.6,Pörböly                                 ,7,1,116,205
1400336,38411,46.2039,18.8153,85.6,Pörböly                                 ,7,1,116,205
1400337,38411,46.2039,18.8153,85.6,Pörböly                                 ,7,1,116,205
1400338,38412,46.2072,18.8122,85,Pörböly                                 ,7,1,116,205
1400339,38413,46.1903,18.9497,93,Baja Józsefváros                        ,7,1,116,205
1400340,38501,46.0572,18.0947,143,Szentlőrinc Tortyogó                    ,7,1,116,205
1400341,38501,46.0572,18.0947,143,Szentlőrinc Tortyogó                    ,7,1,116,205
1400342,38505,46.0517,18.2228,124,Pécs Kertváros                          ,7,1,116,205
1400343,38525,46.0853,18.0828,233.2,Bakonya                                 ,7,1,116,205
1400344,38525,46.0853,18.0828,233.2,Bakonya                                 ,7,1,116,205
1400345,38536,46.0778,18.2072,174,Pécs Egyetem                            ,7,1,116,205
1400346,38615,46.0411,18.2878,178,Kozármisleny                            ,7,1,116,205
1400347,38708,46.1325,18.6364,169,Palotabozsok                            ,7,1,116,205
1400348,38804,46.1447,18.88,85,Szeremle                                ,7,1,116,205
1400349,38805,46.0042,18.8919,85,Dávod                                   ,7,1,116,205
1400350,39110,45.8953,18.0094,96,Páprád                                  ,7,1,116,205
1400351,39110,45.8953,18.0094,96,Páprád                                  ,7,1,116,205
1400352,39117,45.9525,18.2497,158,Szalánta Németi                         ,7,1,116,205
1400353,39308,45.9497,18.7083,85,Kölked                                  ,7,1,116,205
1400354,39308,45.9497,18.7083,85,Kölked                                  ,7,1,116,205
1400355,39410,45.9444,18.9375,87,Hercegszántó                            ,7,1,116,205
1400356,39600,45.7922,18.3056,89,Alsószentmárton                         ,7,1,116,205
1400357,39602,45.7869,18.4331,87,Beremend                                ,7,1,116,205
1400358,42303,48.1814,19.5233,166,Nógrádszakál                            ,7,1,116,205
1400359,42303,48.1814,19.5233,166,Nógrádszakál                            ,7,1,116,205
1400360,42304,48.1625,19.7044,198,Karancskeszi                            ,7,1,116,205
1400361,42304,48.1625,19.7044,198,Karancskeszi                            ,7,1,116,205
1400362,42605,48.0422,19.4803,209,Varsány                                 ,7,1,116,205
1400363,42707,48.1253,19.7625,241,Karancsalja                             ,7,1,116,205
1400364,42707,48.1253,19.7625,241,Karancsalja                             ,7,1,116,205
1400365,42718,48.0361,19.57,233,Nagylóc                                 ,7,1,116,205
1400366,42815,48.01,19.8958,210,Nemti                                   ,7,1,116,205
1400367,42825,48.1281,19.8828,526,Salgótarján Rónafalu                    ,7,1,116,205
1400368,43126,47.9497,19.0222,352,Diósjenő                                ,7,1,116,205
1400369,43126,47.9497,19.0222,352,Diósjenő                                ,7,1,116,205
1400370,43128,47.8981,19.0492,227,Nógrád                                  ,7,1,116,205
1400371,43130,47.9322,19.1061,198,Tolmács                                 ,7,1,116,205
1400372,43130,47.9322,19.1061,198,Tolmács                                 ,7,1,116,205
1400373,43226,47.8469,19.3856,180,Galgaguta                               ,7,1,116,205
1400374,43228,47.9314,19.2603,157,Romhány                                 ,7,1,116,205
1400375,43228,47.9314,19.2603,157,Romhány                                 ,7,1,116,205
1400376,43303,47.8964,19.6053,160,Ecseg                                   ,7,1,116,205
1400377,43413,47.9658,19.8578,284,Bátonyterenye                           ,7,1,116,205
1400378,43427,47.9128,19.9811,338,Parádsasvár                             ,7,1,116,205
1400379,43428,47.91,19.8758,776,Mátraszentimre                          ,7,1,116,205
1400380,43428,47.91,19.8758,776,Mátraszentimre                          ,7,1,116,205
1400381,43429,47.9339,19.9147,440,Szuha Mátraalmás                        ,7,1,116,205
1400382,43524,47.8242,19.0642,201,Verőce                                  ,7,1,116,205
1400383,43524,47.8242,19.0642,201,Verőce                                  ,7,1,116,205
1400384,43525,47.7875,19.2164,146,Rád                                     ,7,1,116,205
1400385,43525,47.7875,19.2164,146,Rád                                     ,7,1,116,205
1400386,43526,47.6872,19.1389,114,Göd                                     ,7,1,116,205
1400387,43616,47.6506,19.2903,171,Veresegyház                             ,7,1,116,205
1400388,43806,47.7289,19.7761,166,Ecséd                                   ,7,1,116,205
1400389,43811,47.725,19.8889,114,Atkár                                   ,7,1,116,205
1400390,44128,47.5419,19.0656,107,Budapest Vizafogó                       ,7,1,116,205
1400391,44169,47.6006,19.0172,197,Üröm                                    ,7,1,116,205
1400392,44171,47.5672,19.1017,110,Budapest Újpest kertváros               ,7,1,116,205
1400393,44216,47.53,19.4022,182,Isaszeg Falumúzeum                      ,7,1,116,205
1400394,44216,47.53,19.4022,182,Isaszeg Falumúzeum                      ,7,1,116,205
1400395,44221,47.5467,19.2692,197,Kistarcsa                               ,7,1,116,205
1400396,44221,47.5467,19.2692,197,Kistarcsa                               ,7,1,116,205
1400397,44222,47.6442,19.3153,251,Szada                                   ,7,1,116,205
1400398,44222,47.6442,19.3153,251,Szada                                   ,7,1,116,205
1400399,44509,47.4144,19.0514,99,Budapest Csepel                         ,7,1,116,205
1400400,44509,47.4144,19.0514,99,Budapest Csepel                         ,7,1,116,205
1400401,44516,47.4678,19.0753,105,Budapest Ferencváros                    ,7,1,116,205
1400402,44524,47.4833,19.1414,145,Budapest Kőbányai Vízmű                 ,7,1,116,205
1400403,44551,47.3528,19.0989,98.2,Dunaharaszti                            ,7,1,116,205
1400404,44551,47.3528,19.0989,98.2,Dunaharaszti                            ,7,1,116,205
1400405,44552,47.4425,19.0122,122,Budapest Budafok Kereszt-hegy           ,7,1,116,205
1400406,44553,47.4086,19.1983,123,Budapest Pestszentimre                  ,7,1,116,205
1400407,44553,47.4086,19.1983,123,Budapest Pestszentimre                  ,7,1,116,205
1400408,44554,47.4533,19.0517,104,Budapest Kelenföld                      ,7,1,116,205
1400409,44554,47.4533,19.0517,104,Budapest Kelenföld                      ,7,1,116,205
1400410,44559,47.4289,19.1825,138.1,Budapest Obszervatórium                 ,7,1,116,205
1400411,44559,47.4289,19.1825,138.1,Budapest Obszervatórium                 ,7,1,116,205
1400412,44560,47.3817,19.2281,112,Gyál Gyálliget                          ,7,1,116,205
1400413,44563,47.4442,19.1308,112,Budapest Kispest                        ,7,1,116,205
1400414,44564,47.42,19.1258,112,Budapest Soroksár-Újtelep               ,7,1,116,205
1400415,44605,47.4419,19.3389,163,Maglód                                  ,7,1,116,205
1400416,44605,47.4419,19.3389,163,Maglód                                  ,7,1,116,205
1400417,44615,47.4119,19.265,120,Vecsés                                  ,7,1,116,205
1400418,44615,47.4119,19.265,120,Vecsés                                  ,7,1,116,205
1400419,44626,47.3475,19.4381,134,Monor                                   ,7,1,116,205
1400420,44626,47.3475,19.4381,134,Monor                                   ,7,1,116,205
1400421,44627,47.4911,19.2886,141,Budapest Rákoscsaba                     ,7,1,116,205
1400422,44704,47.4111,19.7481,112,Nagykáta                                ,7,1,116,205
1400423,44709,47.4344,19.6733,123.6,Szentmártonkáta                         ,7,1,116,205
1400424,44709,47.4344,19.6733,123.6,Szentmártonkáta                         ,7,1,116,205
1400425,45107,47.29,19.0614,97,Dunavarsány                             ,7,1,116,205
1400426,45107,47.29,19.0614,97,Dunavarsány                             ,7,1,116,205
1400427,45305,47.2489,19.6153,122,Albertirsa                              ,7,1,116,205
1400428,45400,47.1747,19.8197,102,Cegléd Gyümölcskutató                   ,7,1,116,205
1400429,45408,47.1961,19.9947,90,Abony                                   ,7,1,116,205
1400430,45408,47.1961,19.9947,90,Abony                                   ,7,1,116,205
1400431,45604,47.0575,19.2756,94,Kunpeszér                               ,7,1,116,205
1400432,46317,46.9131,19.7461,111,Kecskemét Irányítótorony                ,7,1,116,205
1400433,46501,46.8031,19.0294,96,Solt Kissolt                            ,7,1,116,205
1400434,46600,46.8056,19.3625,98,Izsák                                   ,7,1,116,205
1400435,46715,46.7611,19.6083,111,Jakabszállás                            ,7,1,116,205
1400436,47302,46.5517,19.6694,107,Szank                                   ,7,1,116,205
1400437,47607,46.4253,19.4736,125,Kiskunhalas Tabán                       ,7,1,116,205
1400438,47607,46.4253,19.4736,125,Kiskunhalas Tabán                       ,7,1,116,205
1400439,47714,46.385,19.68,116,Zsana                                   ,7,1,116,205
1400440,47805,46.4042,19.77,107,Kiskunmajsa Kígyóspuszta                ,7,1,116,205
1400441,47805,46.4042,19.77,107,Kiskunmajsa Kígyóspuszta                ,7,1,116,205
1400442,47810,46.4672,19.9789,88,Kistelek                                ,7,1,116,205
1400443,48105,46.2008,19.1853,132,Felsőszentiván                          ,7,1,116,205
1400444,48105,46.2008,19.1853,132,Felsőszentiván                          ,7,1,116,205
1400445,48303,46.1897,19.5683,132,Tompa                                   ,7,1,116,205
1400446,48305,46.2886,19.7403,114,Ruzsa                                   ,7,1,116,205
1400447,48305,46.2886,19.7403,114,Ruzsa                                   ,7,1,116,205
1400448,48306,46.2844,19.7425,114,Ruzsa                                   ,7,1,116,205
1400449,48407,46.325,19.9131,88,Bordány                                 ,7,1,116,205
1400450,48409,46.2042,19.7767,115,Ásotthalom                              ,7,1,116,205
1400451,48502,46.1203,19.1561,113,Bácsbokod                               ,7,1,116,205
1400452,48611,46.1289,19.3258,121,Bácsalmás                               ,7,1,116,205
1400453,51303,48.4975,20.6611,165,Szin                                    ,7,1,116,205
1400454,51303,48.4975,20.6611,165,Szin                                    ,7,1,116,205
1400455,51303,48.4975,20.6611,165,Szin                                    ,7,1,116,205
1400456,51307,48.5408,20.7333,166,Bódvaszilas                             ,7,1,116,205
1400457,51307,48.5408,20.7333,166,Bódvaszilas                             ,7,1,116,205
1400458,51714,48.3442,20.7408,138,Szendrőlád                              ,7,1,116,205
1400459,51715,48.4436,20.6311,206,Szőlősardó                              ,7,1,116,205
1400460,52100,48.1819,20.1058,220,Domaháza                                ,7,1,116,205
1400461,52212,48.2906,20.4369,153,Putnok                                  ,7,1,116,205
1400462,52212,48.2906,20.4369,153,Putnok                                  ,7,1,116,205
1400463,52214,48.1808,20.4864,209.4,Dédestapolcsány                         ,7,1,116,205
1400464,52214,48.1808,20.4864,209.4,Dédestapolcsány                         ,7,1,116,205
1400465,52310,48.2194,20.7161,127,Sajószentpéter                          ,7,1,116,205
1400466,52401,48.1964,20.9272,116,Szikszó                                 ,7,1,116,205
1400467,52401,48.1964,20.9272,116,Szikszó                                 ,7,1,116,205
1400468,52503,48.02,20.0944,176,Pétervására                             ,7,1,116,205
1400469,52503,48.02,20.0944,176,Pétervására                             ,7,1,116,205
1400470,52517,48.1161,20.2564,238,Borsodnádasd                            ,7,1,116,205
1400471,52603,48.0572,20.3542,318,Bélapátfalva                            ,7,1,116,205
1400472,52705,48.0961,20.5261,696,Miskolc Lillafüred-Jávorkút             ,7,1,116,205
1400473,52705,48.0961,20.5261,696,Miskolc Lillafüred-Jávorkút             ,7,1,116,205
1400474,52705,48.0961,20.5261,696,Miskolc Lillafüred-Jávorkút             ,7,1,116,205
1400475,52742,47.9647,20.4953,293,Bükkzsérc                               ,7,1,116,205
1400476,52742,47.9647,20.4953,293,Bükkzsérc                               ,7,1,116,205
1400477,52743,48.1036,20.6756,197,Miskolc Berekalja                       ,7,1,116,205
1400478,52743,48.1036,20.6756,197,Miskolc Berekalja                       ,7,1,116,205
1400479,52745,48.0944,20.7267,161,Miskolc Tűzoltóság                      ,7,1,116,205
1400480,52745,48.0944,20.7267,161,Miskolc Tűzoltóság                      ,7,1,116,205
1400481,52746,48.0661,20.6256,615,Bükkszentkereszt                        ,7,1,116,205
1400482,52746,48.0661,20.6256,615,Bükkszentkereszt                        ,7,1,116,205
1400483,52748,48.1611,20.6133,207,Varbó                                   ,7,1,116,205
1400484,52825,48.1281,20.8564,115,Arnót                                   ,7,1,116,205
1400485,53108,47.8469,20.1383,162,Kisnána                                 ,7,1,116,205
1400486,53108,47.8469,20.1383,162,Kisnána                                 ,7,1,116,205
1400487,53123,47.9072,20.0239,329,Parád Óhuta                             ,7,1,116,205
1400488,53123,47.9072,20.0239,329,Parád Óhuta                             ,7,1,116,205
1400489,53123,47.9072,20.0239,329,Parád Óhuta                             ,7,1,116,205
1400490,53123,47.9072,20.0239,329,Parád Óhuta                             ,7,1,116,205
1400491,53126,47.9736,20.1517,177,Terpes                                  ,7,1,116,205
1400492,53126,47.9736,20.1517,177,Terpes                                  ,7,1,116,205
1400493,53127,47.9242,20.0225,248,Parád                                   ,7,1,116,205
1400494,53127,47.9242,20.0225,248,Parád                                   ,7,1,116,205
1400495,53128,47.8722,20.0119,1010.5,Kékestető Meteorológia                  ,7,1,116,205
1400496,53128,47.8722,20.0119,1010.5,Kékestető Meteorológia                  ,7,1,116,205
1400497,53129,47.93,20.1056,192,Recsk                                   ,7,1,116,205
1400498,53131,47.9386,20.0231,245,Bodony                                  ,7,1,116,205
1400499,53132,47.9817,20.0222,217,Mátraballa                              ,7,1,116,205
1400500,53209,47.97,20.41,210,Felsőtárkány                            ,7,1,116,205
1400501,53219,47.9039,20.3881,224.5,Eger Főiskola                           ,7,1,116,205
1400502,53219,47.9039,20.3881,224.5,Eger Főiskola                           ,7,1,116,205
1400503,53221,47.9925,20.2617,237,Bátor                                   ,7,1,116,205
1400504,53221,47.9925,20.2617,237,Bátor                                   ,7,1,116,205
1400505,53300,47.9022,20.5347,172,Bogács                                  ,7,1,116,205
1400506,53303,47.9369,20.5319,205,Cserépfalu                              ,7,1,116,205
1400507,53311,47.8889,20.6825,130,Bükkábrány                              ,7,1,116,205
1400508,53311,47.8889,20.6825,130,Bükkábrány                              ,7,1,116,205
1400509,53408,47.9303,20.8103,114,Emőd                                    ,7,1,116,205
1400510,53519,47.7289,20.0975,114,Ludas                                   ,7,1,116,205
1400511,53520,47.7469,20.2406,116,Kompolt Széchenyi utca                  ,7,1,116,205
1400512,53602,47.6858,20.315,112,Erdőtelek belterület                    ,7,1,116,205
1400513,53602,47.6858,20.315,112,Erdőtelek belterület                    ,7,1,116,205
1400514,53604,47.7533,20.4147,114,Füzesabony                              ,7,1,116,205
1400515,53613,47.7911,20.3411,145,Kerecsend                               ,7,1,116,205
1400516,53613,47.7911,20.3411,145,Kerecsend                               ,7,1,116,205
1400517,53613,47.7911,20.3411,145,Kerecsend                               ,7,1,116,205
1400518,53712,47.7156,20.5456,97,Egerfarmos                              ,7,1,116,205
1400519,53712,47.7156,20.5456,97,Egerfarmos                              ,7,1,116,205
1400520,53801,47.6889,20.8697,91,Tiszadorogma                            ,7,1,116,205
1400521,53802,47.8144,20.9025,93,Mezőcsát                                ,7,1,116,205
1400522,54216,47.6042,20.4394,91,Kömlő                                   ,7,1,116,205
1400523,54216,47.6042,20.4394,91,Kömlő                                   ,7,1,116,205
1400524,54310,47.6267,20.5956,89,Újlőrincfalva                           ,7,1,116,205
1400525,54404,47.5319,20.8008,89,Tiszaigar                               ,7,1,116,205
1400526,54506,47.3583,20.1681,90,Jászladány                              ,7,1,116,205
1400527,54506,47.3583,20.1681,90,Jászladány                              ,7,1,116,205
1400528,54717,47.3619,20.6244,88,Kunhegyes                               ,7,1,116,205
1400529,54815,47.4853,20.9225,87,Nagyiván                                ,7,1,116,205
1400530,54818,47.4269,20.7911,89,Kunmadaras                              ,7,1,116,205
1400531,54818,47.4269,20.7911,89,Kunmadaras                              ,7,1,116,205
1400532,55307,47.2506,20.6725,83,Kenderes                                ,7,1,116,205
1400533,55307,47.2506,20.6725,83,Kenderes                                ,7,1,116,205
1400534,55509,47.1272,20.2317,88,Szolnok Irányítótorony                  ,7,1,116,205
1400535,55509,47.1272,20.2317,88,Szolnok Irányítótorony                  ,7,1,116,205
1400536,55603,47.0769,20.4819,81,Kétpó Árpád utca                        ,7,1,116,205
1400537,55603,47.0769,20.4819,81,Kétpó Árpád utca                        ,7,1,116,205
1400538,55607,47.0175,20.2958,84.8,Martfű                                  ,7,1,116,205
1400539,55607,47.0175,20.2958,84.8,Martfű                                  ,7,1,116,205
1400540,55805,47.0297,20.9519,84,Dévaványa Asztalos utca                 ,7,1,116,205
1400541,56114,46.9564,20.2069,83,Cibakháza                               ,7,1,116,205
1400542,56114,46.9564,20.2069,83,Cibakháza                               ,7,1,116,205
1400543,56206,46.8939,20.4983,82,Békésszentandrás Duzzasztómű            ,7,1,116,205
1400544,56206,46.8939,20.4983,82,Békésszentandrás Duzzasztómű            ,7,1,116,205
1400545,56212,46.9986,20.3858,82,Mezőhék                                 ,7,1,116,205
1400546,56303,46.9383,20.635,84,Mezőtúr Kisőrvetői őrház                ,7,1,116,205
1400547,56306,46.8289,20.525,81,Szarvas Bikazug                         ,7,1,116,205
1400548,56306,46.8289,20.525,81,Szarvas Bikazug                         ,7,1,116,205
1400549,56309,46.8261,20.6422,81,Csabacsűd                               ,7,1,116,205
1400550,56309,46.8261,20.6422,81,Csabacsűd                               ,7,1,116,205
1400551,56400,46.9275,20.7722,82,Gyomaendrőd                             ,7,1,116,205
1400552,56409,46.8519,20.9264,82,Csárdaszállás Felsőföld                 ,7,1,116,205
1400553,56502,46.6931,20.2039,79,Szentes Felsőrét                        ,7,1,116,205
1400554,56505,46.7561,20.2161,81,Szentes Zalota                          ,7,1,116,205
1400555,56505,46.7561,20.2161,81,Szentes Zalota                          ,7,1,116,205
1400556,56505,46.7561,20.2161,81,Szentes Zalota                          ,7,1,116,205
1400557,56505,46.7561,20.2161,81,Szentes Zalota                          ,7,1,116,205
1400558,56602,46.6522,20.3814,82,Szentes Dónát                           ,7,1,116,205
1400559,56607,46.6669,20.4639,85,Fábiánsebestyén                         ,7,1,116,205
1400560,56704,46.6722,20.5925,83,Gádoros                                 ,7,1,116,205
1400561,56805,46.7533,20.79,86,Kondoros                                ,7,1,116,205
1400562,57114,46.5208,20.18,78,Mindszent                               ,7,1,116,205
1400563,57115,46.6136,20.0461,80,Tömörkény                               ,7,1,116,205
1400564,57203,46.5786,20.3547,78,Derekegyház                             ,7,1,116,205
1400565,57203,46.5786,20.3547,78,Derekegyház                             ,7,1,116,205
1400566,57403,46.5933,20.8553,90,Gerendás                                ,7,1,116,205
1400567,57403,46.5933,20.8553,90,Gerendás                                ,7,1,116,205
1400568,57505,46.3394,20.0339,84,Szatymaz                                ,7,1,116,205
1400569,57505,46.3394,20.0339,84,Szatymaz                                ,7,1,116,205
1400570,57613,46.4347,20.3278,79,Hódmezővásárhely                        ,7,1,116,205
1400571,57705,46.5114,20.5389,85,Székkutas                               ,7,1,116,205
1400572,58114,46.2425,20.1756,83,Szeged Újszeged                         ,7,1,116,205
1400573,58114,46.2425,20.1756,83,Szeged Újszeged                         ,7,1,116,205
1400574,58115,46.2561,20.0903,80.8,Szeged Obszervatórium                   ,7,1,116,205
1400575,58115,46.2561,20.0903,80.8,Szeged Obszervatórium                   ,7,1,116,205
1400576,58118,46.3311,20.2153,78,Algyő                                   ,7,1,116,205
1400577,58215,46.3181,20.4953,82,Földeák                                 ,7,1,116,205
1400578,58215,46.3181,20.4953,82,Földeák                                 ,7,1,116,205
1400579,58306,46.2467,20.7247,90,Csanádpalota                            ,7,1,116,205
1400580,58306,46.2467,20.7247,90,Csanádpalota                            ,7,1,116,205
1400581,58306,46.2467,20.7247,90,Csanádpalota                            ,7,1,116,205
1400582,58600,46.1497,20.2753,78,Kübekháza                               ,7,1,116,205
1400583,58600,46.1497,20.2753,78,Kübekháza                               ,7,1,116,205
1400584,58700,46.16,20.6667,90,Magyarcsanád Bökény                     ,7,1,116,205
1400585,61100,48.5131,21.0142,239,Kány                                    ,7,1,116,205
1400586,61201,48.5136,21.4567,223,Füzérkomlós                             ,7,1,116,205
1400587,61618,48.4914,21.3481,237,Telkibánya                              ,7,1,116,205
1400588,61702,48.4953,21.5547,208,Vilyvitány                              ,7,1,116,205
1400589,61702,48.4953,21.5547,208,Vilyvitány                              ,7,1,116,205
1400590,61703,48.4031,21.6578,104,Sátoraljaújhely Barátszer               ,7,1,116,205
1400591,61711,48.3569,21.6944,96,Felsőberecki                            ,7,1,116,205
1400592,62104,48.3169,21.1619,177,Gibárt                                  ,7,1,116,205
1400593,62104,48.3169,21.1619,177,Gibárt                                  ,7,1,116,205
1400594,62104,48.3169,21.1619,177,Gibárt                                  ,7,1,116,205
1400595,62108,48.2086,21.1542,192,Monok                                   ,7,1,116,205
1400596,62121,48.2619,21.0819,133,Felsődobsza                             ,7,1,116,205
1400597,62121,48.2619,21.0819,133,Felsődobsza                             ,7,1,116,205
1400598,62206,48.2814,21.4475,118,Tolcsva                                 ,7,1,116,205
1400599,62206,48.2814,21.4475,118,Tolcsva                                 ,7,1,116,205
1400600,62300,48.2425,21.515,98,Viss                                    ,7,1,116,205
1400601,62300,48.2425,21.515,98,Viss                                    ,7,1,116,205
1400602,62300,48.2425,21.515,98,Viss                                    ,7,1,116,205
1400603,62306,48.3144,21.5567,110,Sárospatak Hunyadi utca                 ,7,1,116,205
1400604,62309,48.1639,21.6664,96,Tiszabercel                             ,7,1,116,205
1400605,62309,48.1639,21.6664,96,Tiszabercel                             ,7,1,116,205
1400606,62309,48.1639,21.6664,96,Tiszabercel                             ,7,1,116,205
1400607,62309,48.1639,21.6664,96,Tiszabercel                             ,7,1,116,205
1400608,62309,48.1639,21.6664,96,Tiszabercel                             ,7,1,116,205
1400609,62317,48.2033,21.5306,98,Kenézlő                                 ,7,1,116,205
1400610,62400,48.3078,21.7942,95,Karcsa                                  ,7,1,116,205
1400611,62400,48.3078,21.7942,95,Karcsa                                  ,7,1,116,205
1400612,62401,48.2397,21.9333,100,Dombrád                                 ,7,1,116,205
1400613,62404,48.2486,21.8894,98,Cigánd                                  ,7,1,116,205
1400614,62404,48.2486,21.8894,98,Cigánd                                  ,7,1,116,205
1400615,62413,48.1819,21.9914,109,Pátroha                                 ,7,1,116,205
1400616,62413,48.1819,21.9914,109,Pátroha                                 ,7,1,116,205
1400617,62505,48.0142,21.1706,95,Tiszadob                                ,7,1,116,205
1400618,62505,48.0142,21.1706,95,Tiszadob                                ,7,1,116,205
1400619,62507,48.0908,21.1311,96,Taktaharkány                            ,7,1,116,205
1400620,62602,48.1422,21.3344,95,Tarcal Terézia kert                     ,7,1,116,205
1400621,62617,48.0206,21.3719,95.8,Tiszalök                                ,7,1,116,205
1400622,62706,48.0217,21.6464,91,Nyírtelek                               ,7,1,116,205
1400623,62706,48.0217,21.6464,91,Nyírtelek                               ,7,1,116,205
1400624,62800,48.0692,21.7997,100,Kemecse                                 ,7,1,116,205
1400625,63200,47.8431,21.3928,93,Hajdúnánás                              ,7,1,116,205
1400626,63401,47.9558,21.9364,117,Apagy                                   ,7,1,116,205
1400627,63401,47.9558,21.9364,117,Apagy                                   ,7,1,116,205
1400628,63407,47.9725,21.7111,110,Nyíregyháza Egyetem                     ,7,1,116,205
1400629,63511,47.7283,21.1019,91,Újszentmargita                          ,7,1,116,205
1400630,63512,47.7467,21.1203,91,Újszentmargita Bödönhát                 ,7,1,116,205
1400631,63605,47.8125,21.4994,107,Hajdúdorog                              ,7,1,116,205
1400632,63713,47.6828,21.6586,146,Hajdúhadház                             ,7,1,116,205
1400633,64308,47.5989,21.75,133,Hajdúsámson                             ,7,1,116,205
1400634,64309,47.5125,21.6308,113,Debrecen Kerekestelep                   ,7,1,116,205
1400635,64311,47.59,21.5803,126,Debrecen Józsa                          ,7,1,116,205
1400636,64403,47.5294,21.9908,133,Nyírábrány                              ,7,1,116,205
1400637,64709,47.3578,21.5747,95,Derecske                                ,7,1,116,205
1400638,65101,47.2267,21.1453,88,Szerep Nagy utca                        ,7,1,116,205
1400639,65107,47.2114,21.2325,90,Biharnagybajom                          ,7,1,116,205
1400640,65200,47.2522,21.3503,87,Sáp                                     ,7,1,116,205
1400641,65201,47.1883,21.4561,96,Bakonszeg Kálló-Bakonszeg               ,7,1,116,205
1400642,65300,47.1653,21.6181,95,Mezőpeterd                              ,7,1,116,205
1400643,65300,47.1653,21.6181,95,Mezőpeterd                              ,7,1,116,205
1400644,65400,47.2864,21.8275,99,Pocsaj Rétalj utca                      ,7,1,116,205
1400645,65513,47.1064,21.2186,88,Füzesgyarmat                            ,7,1,116,205
1400646,65515,47.015,21.1797,88,Szeghalom                               ,7,1,116,205
1400647,65600,47.1078,21.3189,86,Darvas                                  ,7,1,116,205
1400648,65600,47.1078,21.3189,86,Darvas                                  ,7,1,116,205
1400649,65600,47.1078,21.3189,86,Darvas                                  ,7,1,116,205
1400650,65704,47.0183,21.5967,93,Körösszakál Rákóczi utca                ,7,1,116,205
1400651,66209,46.9272,21.2617,86,Vésztő                                  ,7,1,116,205
1400652,66209,46.9272,21.2617,86,Vésztő                                  ,7,1,116,205
1400653,66212,46.9231,21.4917,90,Zsadány                                 ,7,1,116,205
1400654,66523,46.6817,21.1044,87,Békéscsaba VI. kerület                  ,7,1,116,205
1400655,66611,46.7719,21.4367,90,Méhkerék                                ,7,1,116,205
1400656,66611,46.7719,21.4367,90,Méhkerék                                ,7,1,116,205
1400657,67102,46.5028,21.0986,94,Medgyesegyháza Bánkút-Rózsamajor        ,7,1,116,205
1400658,67114,46.5839,21.0319,89,Újkígyós                                ,7,1,116,205
1400659,67203,46.635,21.3292,86,Gyulavári                               ,7,1,116,205
1400660,67500,46.4258,21.2292,98,Lőkösháza Arany J. utca                 ,7,1,116,205
1400661,68105,46.2925,21.0203,98,Battonya                                ,7,1,116,205
1400662,72120,48.2728,22.1767,106,Tornyospálca                            ,7,1,116,205
1400663,72120,48.2728,22.1767,106,Tornyospálca                            ,7,1,116,205
1400664,72121,48.3264,22.0442,98,Révleányvár                             ,7,1,116,205
1400665,72202,48.2103,22.2592,106,Aranyosapáti                            ,7,1,116,205
1400666,72203,48.1619,22.4589,109,Csaroda                                 ,7,1,116,205
1400667,72203,48.1619,22.4589,109,Csaroda                                 ,7,1,116,205
1400668,72510,48.0594,22.195,133,Nyírmada                                ,7,1,116,205
1400669,72510,48.0594,22.195,133,Nyírmada                                ,7,1,116,205
1400670,72511,48.0944,22.1103,117,Nyírkarász                              ,7,1,116,205
1400671,72603,47.9886,22.5211,111,Fehérgyarmat                            ,7,1,116,205
1400672,72616,48.1322,22.305,106,Vásárosnamény Árpád út                  ,7,1,116,205
1400673,72800,48.0328,22.7586,118,Sonkád                                  ,7,1,116,205
1400674,72802,48.105,22.8222,118,Tiszabecs                               ,7,1,116,205
1400675,72802,48.105,22.8222,118,Tiszabecs                               ,7,1,116,205
1400676,72802,48.105,22.8222,118,Tiszabecs                               ,7,1,116,205
1400677,73102,47.8344,22.1297,151,Nyírbátor                               ,7,1,116,205
1400678,73102,47.8344,22.1297,151,Nyírbátor                               ,7,1,116,205
1400679,73102,47.8344,22.1297,151,Nyírbátor                               ,7,1,116,205
1400680,73104,47.9269,22.0347,134,Ófehértó                                ,7,1,116,205
1400681,73205,47.8564,22.3967,111,Nagyecsed                               ,7,1,116,205
1400682,73213,47.9414,22.3953,111,Kocsord                                 ,7,1,116,205
1400683,73308,47.8469,22.5481,111,Tyukod                                  ,7,1,116,205
1400684,73316,47.9947,22.5594,110,Penyige                                 ,7,1,116,205
1400685,73316,47.9947,22.5594,110,Penyige                                 ,7,1,116,205
1400686,73317,47.8553,22.6892,117,Szamosbecs                              ,7,1,116,205
1400687,73400,47.9311,22.7536,120,Gacsály                                 ,7,1,116,205
1400688,73400,47.9311,22.7536,120,Gacsály                                 ,7,1,116,205
1400689,73506,47.8044,22.065,120,Nyírbogát                               ,7,1,116,205
1400690,73506,47.8044,22.065,120,Nyírbogát                               ,7,1,116,205
1400691,73604,47.7617,22.2697,130,Bátorliget                              ,7,1,116,205
1400692,73604,47.7617,22.2697,130,Bátorliget                              ,7,1,116,205
1400693,73604,47.7617,22.2697,130,Bátorliget                              ,7,1,116,205
